{
  "n_prompts": 50,
  "max_new_tokens": 100,
  "batch_size": 8,
  "results": {
    "serial": {
      "time": 54.46356749534607,
      "gen_tokens": 3639,
      "qps": 0.9180448931163482,
      "tps": 66.81530732100782
    },
    "batch": {
      "time": 11.03805661201477,
      "gen_tokens": 3687,
      "qps": 4.529782891815911,
      "tps": 334.02619044250525
    },
    "vllm": {
      "time": 1.2757081985473633,
      "gen_tokens": 3483,
      "qps": 39.19391602008557,
      "tps": 2730.2481899591608
    }
  }
}