{
  "n_prompts": 50,
  "max_new_tokens": 100,
  "batch_size": 8,
  "results": {
    "serial": {
      "time": 207.78165912628174,
      "gen_tokens": 5000,
      "qps": 0.24063721605770755,
      "tps": 24.063721605770755
    },
    "batch": {
      "time": 29.33806347846985,
      "gen_tokens": 5000,
      "qps": 1.704270632473517,
      "tps": 170.4270632473517
    },
    "vllm": {
      "time": 3.110053300857544,
      "gen_tokens": 4565,
      "qps": 16.07689488350999,
      "tps": 1467.820502864462
    }
  }
}