{
  "n_prompts": 50,
  "max_new_tokens": 100,
  "batch_size": 8,
  "results": {
    "serial": {
      "time": 32.87468719482422,
      "gen_tokens": 3642,
      "qps": 1.5209270191283215,
      "tps": 110.78432407330693
    },
    "batch": {
      "time": 7.770103931427002,
      "gen_tokens": 3676,
      "qps": 6.434920361588697,
      "tps": 473.09534498400103
    },
    "vllm": {
      "time": 0.7984015941619873,
      "gen_tokens": 3417,
      "qps": 62.625125457672276,
      "tps": 4279.801073777323
    }
  }
}