{
  "n_prompts": 50,
  "max_new_tokens": 100,
  "batch_size": 8,
  "results": {
    "serial": {
      "time": 154.65591049194336,
      "gen_tokens": 5000,
      "qps": 0.3232983456044811,
      "tps": 32.32983456044811
    },
    "batch": {
      "time": 23.586373567581177,
      "gen_tokens": 5000,
      "qps": 2.1198680609690514,
      "tps": 211.98680609690516
    },
    "vllm": {
      "time": 2.654942035675049,
      "gen_tokens": 5000,
      "qps": 18.832802874088713,
      "tps": 1883.2802874088713
    }
  }
}
