{
  "n_prompts": 50,
  "max_new_tokens": 100,
  "batch_size": 8,
  "results": {
    "serial": {
      "time": 75.71992802619934,
      "gen_tokens": 3570,
      "qps": 0.6603281501099663,
      "tps": 47.14742991785159
    },
    "batch": {
      "time": 15.401721239089966,
      "gen_tokens": 3680,
      "qps": 3.2463904016843723,
      "tps": 238.9343335639698
    },
    "vllm": {
      "time": 1.130262851715088,
      "gen_tokens": 3342,
      "qps": 44.23749743179545,
      "tps": 2956.8343283412078
    }
  }
}